<?xml version="1.0" encoding="UTF-8" ?>
<!DOCTYPE mapper
        PUBLIC "-//mybatis.org//DTD Mapper 3.0//EN"
        "http://mybatis.org/dtd/mybatis-3-mapper.dtd">
<mapper namespace="com.glasgow.tapp.dao.VehicleDao">
    <select id="getVehicleInfo" resultType="com.glasgow.tapp.pojo.Vehicle">
        select * from vehicle_info
    </select>

    <select id="getVehicleInfoByLocation" resultType="com.glasgow.tapp.pojo.Vehicle">
        select * from vehicle_info
        where vehicle_location = #{location}
    </select>


    <update id="setVehicleStateById" >
        update vehicle_info
        set vehicle_state = 1
        where vehicle_id = #{id}
    </update>


    <update id="updateVehicleInfoById">
        update  vehicle_info
        set vehicle_state = 0, vehicle_durable = #{vehicleDurable},vehicle_battery = #{vehicleBattery}

        where vehicle_id = #{vehicleId}
    </update>


    <select id="getVehicleInfoById" resultType="com.glasgow.tapp.pojo.Vehicle">
        select * from vehicle_info
        where  vehicle_id = #{vehicleId}
    </select>



</mapper>